[
    {
        "pk": 1,
        "model": "cities.city",
        "fields": {
            "name": "Adelanto",
            "county": 36
        }
    },
    {
        "pk": 2,
        "model": "cities.city",
        "fields": {
            "name": "Agoura Hills",
            "county": 19
        }
    },
    {
        "pk": 3,
        "model": "cities.city",
        "fields": {
            "name": "Alameda",
            "county": 1
        }
    },
    {
        "pk": 4,
        "model": "cities.city",
        "fields": {
            "name": "Albany",
            "county": 1
        }
    },
    {
        "pk": 5,
        "model": "cities.city",
        "fields": {
            "name": "Alhambra",
            "county": 19
        }
    },
    {
        "pk": 6,
        "model": "cities.city",
        "fields": {
            "name": "Aliso Viejo",
            "county": 30
        }
    },
    {
        "pk": 7,
        "model": "cities.city",
        "fields": {
            "name": "Alturas",
            "county": 25
        }
    },
    {
        "pk": 8,
        "model": "cities.city",
        "fields": {
            "name": "Amador City",
            "county": 3
        }
    },
    {
        "pk": 9,
        "model": "cities.city",
        "fields": {
            "name": "American Canyon",
            "county": 28
        }
    },
    {
        "pk": 10,
        "model": "cities.city",
        "fields": {
            "name": "Anaheim",
            "county": 30
        }
    },
    {
        "pk": 11,
        "model": "cities.city",
        "fields": {
            "name": "Anderson",
            "county": 45
        }
    },
    {
        "pk": 12,
        "model": "cities.city",
        "fields": {
            "name": "Angels Camp",
            "county": 5
        }
    },
    {
        "pk": 13,
        "model": "cities.city",
        "fields": {
            "name": "Antioch",
            "county": 7
        }
    },
    {
        "pk": 14,
        "model": "cities.city",
        "fields": {
            "name": "Apple Valley",
            "county": 36
        }
    },
    {
        "pk": 15,
        "model": "cities.city",
        "fields": {
            "name": "Arcadia",
            "county": 19
        }
    },
    {
        "pk": 16,
        "model": "cities.city",
        "fields": {
            "name": "Arcata",
            "county": 12
        }
    },
    {
        "pk": 17,
        "model": "cities.city",
        "fields": {
            "name": "Arroyo Grande",
            "county": 40
        }
    },
    {
        "pk": 18,
        "model": "cities.city",
        "fields": {
            "name": "Artesia",
            "county": 19
        }
    },
    {
        "pk": 19,
        "model": "cities.city",
        "fields": {
            "name": "Arvin",
            "county": 15
        }
    },
    {
        "pk": 20,
        "model": "cities.city",
        "fields": {
            "name": "Atascadero",
            "county": 40
        }
    },
    {
        "pk": 21,
        "model": "cities.city",
        "fields": {
            "name": "Atherton",
            "county": 41
        }
    },
    {
        "pk": 22,
        "model": "cities.city",
        "fields": {
            "name": "Atwater",
            "county": 24
        }
    },
    {
        "pk": 23,
        "model": "cities.city",
        "fields": {
            "name": "Auburn",
            "county": 31
        }
    },
    {
        "pk": 24,
        "model": "cities.city",
        "fields": {
            "name": "Avalon",
            "county": 19
        }
    },
    {
        "pk": 25,
        "model": "cities.city",
        "fields": {
            "name": "Avenal",
            "county": 16
        }
    },
    {
        "pk": 26,
        "model": "cities.city",
        "fields": {
            "name": "Azusa",
            "county": 19
        }
    },
    {
        "pk": 27,
        "model": "cities.city",
        "fields": {
            "name": "Bakersfield",
            "county": 15
        }
    },
    {
        "pk": 28,
        "model": "cities.city",
        "fields": {
            "name": "Baldwin Park",
            "county": 19
        }
    },
    {
        "pk": 29,
        "model": "cities.city",
        "fields": {
            "name": "Banning",
            "county": 33
        }
    },
    {
        "pk": 30,
        "model": "cities.city",
        "fields": {
            "name": "Barstow",
            "county": 36
        }
    },
    {
        "pk": 31,
        "model": "cities.city",
        "fields": {
            "name": "Beaumont",
            "county": 33
        }
    },
    {
        "pk": 32,
        "model": "cities.city",
        "fields": {
            "name": "Bell",
            "county": 19
        }
    },
    {
        "pk": 33,
        "model": "cities.city",
        "fields": {
            "name": "Bell Gardens",
            "county": 19
        }
    },
    {
        "pk": 34,
        "model": "cities.city",
        "fields": {
            "name": "Bellflower",
            "county": 19
        }
    },
    {
        "pk": 35,
        "model": "cities.city",
        "fields": {
            "name": "Belmont",
            "county": 41
        }
    },
    {
        "pk": 36,
        "model": "cities.city",
        "fields": {
            "name": "Belvedere",
            "county": 21
        }
    },
    {
        "pk": 37,
        "model": "cities.city",
        "fields": {
            "name": "Benicia",
            "county": 48
        }
    },
    {
        "pk": 38,
        "model": "cities.city",
        "fields": {
            "name": "Berkeley",
            "county": 1
        }
    },
    {
        "pk": 39,
        "model": "cities.city",
        "fields": {
            "name": "Beverly Hills",
            "county": 19
        }
    },
    {
        "pk": 40,
        "model": "cities.city",
        "fields": {
            "name": "Big Bear Lake",
            "county": 36
        }
    },
    {
        "pk": 41,
        "model": "cities.city",
        "fields": {
            "name": "Biggs",
            "county": 4
        }
    },
    {
        "pk": 42,
        "model": "cities.city",
        "fields": {
            "name": "Bishop",
            "county": 14
        }
    },
    {
        "pk": 43,
        "model": "cities.city",
        "fields": {
            "name": "Blue Lake",
            "county": 12
        }
    },
    {
        "pk": 44,
        "model": "cities.city",
        "fields": {
            "name": "Blythe",
            "county": 33
        }
    },
    {
        "pk": 45,
        "model": "cities.city",
        "fields": {
            "name": "Bradbury",
            "county": 19
        }
    },
    {
        "pk": 46,
        "model": "cities.city",
        "fields": {
            "name": "Brawley",
            "county": 13
        }
    },
    {
        "pk": 47,
        "model": "cities.city",
        "fields": {
            "name": "Brea",
            "county": 30
        }
    },
    {
        "pk": 48,
        "model": "cities.city",
        "fields": {
            "name": "Brentwood",
            "county": 7
        }
    },
    {
        "pk": 49,
        "model": "cities.city",
        "fields": {
            "name": "Brisbane",
            "county": 41
        }
    },
    {
        "pk": 50,
        "model": "cities.city",
        "fields": {
            "name": "Buellton",
            "county": 42
        }
    },
    {
        "pk": 51,
        "model": "cities.city",
        "fields": {
            "name": "Buena Park",
            "county": 30
        }
    },
    {
        "pk": 52,
        "model": "cities.city",
        "fields": {
            "name": "Burbank",
            "county": 19
        }
    },
    {
        "pk": 53,
        "model": "cities.city",
        "fields": {
            "name": "Burlingame",
            "county": 41
        }
    },
    {
        "pk": 54,
        "model": "cities.city",
        "fields": {
            "name": "Calabasas",
            "county": 19
        }
    },
    {
        "pk": 55,
        "model": "cities.city",
        "fields": {
            "name": "Calexico",
            "county": 13
        }
    },
    {
        "pk": 56,
        "model": "cities.city",
        "fields": {
            "name": "California City",
            "county": 15
        }
    },
    {
        "pk": 57,
        "model": "cities.city",
        "fields": {
            "name": "Calimesa",
            "county": 33
        }
    },
    {
        "pk": 58,
        "model": "cities.city",
        "fields": {
            "name": "Calipatria",
            "county": 13
        }
    },
    {
        "pk": 59,
        "model": "cities.city",
        "fields": {
            "name": "Calistoga",
            "county": 28
        }
    },
    {
        "pk": 60,
        "model": "cities.city",
        "fields": {
            "name": "Camarillo",
            "county": 56
        }
    },
    {
        "pk": 61,
        "model": "cities.city",
        "fields": {
            "name": "Campbell",
            "county": 43
        }
    },
    {
        "pk": 62,
        "model": "cities.city",
        "fields": {
            "name": "Canyon Lake",
            "county": 33
        }
    },
    {
        "pk": 63,
        "model": "cities.city",
        "fields": {
            "name": "Capitola",
            "county": 44
        }
    },
    {
        "pk": 64,
        "model": "cities.city",
        "fields": {
            "name": "Carlsbad",
            "county": 37
        }
    },
    {
        "pk": 65,
        "model": "cities.city",
        "fields": {
            "name": "Carmel-by-the-Sea",
            "county": 27
        }
    },
    {
        "pk": 66,
        "model": "cities.city",
        "fields": {
            "name": "Carpinteria",
            "county": 42
        }
    },
    {
        "pk": 67,
        "model": "cities.city",
        "fields": {
            "name": "Carson",
            "county": 19
        }
    },
    {
        "pk": 68,
        "model": "cities.city",
        "fields": {
            "name": "Cathedral City",
            "county": 33
        }
    },
    {
        "pk": 69,
        "model": "cities.city",
        "fields": {
            "name": "Ceres",
            "county": 50
        }
    },
    {
        "pk": 70,
        "model": "cities.city",
        "fields": {
            "name": "Cerritos",
            "county": 19
        }
    },
    {
        "pk": 71,
        "model": "cities.city",
        "fields": {
            "name": "Chico",
            "county": 4
        }
    },
    {
        "pk": 72,
        "model": "cities.city",
        "fields": {
            "name": "Chino",
            "county": 36
        }
    },
    {
        "pk": 73,
        "model": "cities.city",
        "fields": {
            "name": "Chino Hills",
            "county": 36
        }
    },
    {
        "pk": 74,
        "model": "cities.city",
        "fields": {
            "name": "Chowchilla",
            "county": 20
        }
    },
    {
        "pk": 75,
        "model": "cities.city",
        "fields": {
            "name": "Chula Vista",
            "county": 37
        }
    },
    {
        "pk": 76,
        "model": "cities.city",
        "fields": {
            "name": "Citrus Heights",
            "county": 34
        }
    },
    {
        "pk": 77,
        "model": "cities.city",
        "fields": {
            "name": "Claremont",
            "county": 19
        }
    },
    {
        "pk": 78,
        "model": "cities.city",
        "fields": {
            "name": "Clayton",
            "county": 7
        }
    },
    {
        "pk": 79,
        "model": "cities.city",
        "fields": {
            "name": "Clearlake",
            "county": 17
        }
    },
    {
        "pk": 80,
        "model": "cities.city",
        "fields": {
            "name": "Cloverdale",
            "county": 49
        }
    },
    {
        "pk": 81,
        "model": "cities.city",
        "fields": {
            "name": "Clovis",
            "county": 10
        }
    },
    {
        "pk": 82,
        "model": "cities.city",
        "fields": {
            "name": "Coachella",
            "county": 33
        }
    },
    {
        "pk": 83,
        "model": "cities.city",
        "fields": {
            "name": "Coalinga",
            "county": 10
        }
    },
    {
        "pk": 84,
        "model": "cities.city",
        "fields": {
            "name": "Colfax",
            "county": 31
        }
    },
    {
        "pk": 85,
        "model": "cities.city",
        "fields": {
            "name": "Colma",
            "county": 41
        }
    },
    {
        "pk": 86,
        "model": "cities.city",
        "fields": {
            "name": "Colton",
            "county": 36
        }
    },
    {
        "pk": 87,
        "model": "cities.city",
        "fields": {
            "name": "Colusa",
            "county": 6
        }
    },
    {
        "pk": 88,
        "model": "cities.city",
        "fields": {
            "name": "Commerce",
            "county": 19
        }
    },
    {
        "pk": 89,
        "model": "cities.city",
        "fields": {
            "name": "Compton",
            "county": 19
        }
    },
    {
        "pk": 90,
        "model": "cities.city",
        "fields": {
            "name": "Concord",
            "county": 7
        }
    },
    {
        "pk": 91,
        "model": "cities.city",
        "fields": {
            "name": "Corcoran",
            "county": 16
        }
    },
    {
        "pk": 92,
        "model": "cities.city",
        "fields": {
            "name": "Corning",
            "county": 52
        }
    },
    {
        "pk": 93,
        "model": "cities.city",
        "fields": {
            "name": "Corona",
            "county": 33
        }
    },
    {
        "pk": 94,
        "model": "cities.city",
        "fields": {
            "name": "Coronado",
            "county": 37
        }
    },
    {
        "pk": 95,
        "model": "cities.city",
        "fields": {
            "name": "Corte Madera",
            "county": 21
        }
    },
    {
        "pk": 96,
        "model": "cities.city",
        "fields": {
            "name": "Costa Mesa",
            "county": 30
        }
    },
    {
        "pk": 97,
        "model": "cities.city",
        "fields": {
            "name": "Cotati",
            "county": 49
        }
    },
    {
        "pk": 98,
        "model": "cities.city",
        "fields": {
            "name": "Covina",
            "county": 19
        }
    },
    {
        "pk": 99,
        "model": "cities.city",
        "fields": {
            "name": "Crescent City",
            "county": 8
        }
    },
    {
        "pk": 100,
        "model": "cities.city",
        "fields": {
            "name": "Cudahy",
            "county": 19
        }
    },
    {
        "pk": 101,
        "model": "cities.city",
        "fields": {
            "name": "Culver City",
            "county": 19
        }
    },
    {
        "pk": 102,
        "model": "cities.city",
        "fields": {
            "name": "Cupertino",
            "county": 43
        }
    },
    {
        "pk": 103,
        "model": "cities.city",
        "fields": {
            "name": "Cypress",
            "county": 30
        }
    },
    {
        "pk": 104,
        "model": "cities.city",
        "fields": {
            "name": "Daly City",
            "county": 41
        }
    },
    {
        "pk": 105,
        "model": "cities.city",
        "fields": {
            "name": "Dana Point",
            "county": 30
        }
    },
    {
        "pk": 106,
        "model": "cities.city",
        "fields": {
            "name": "Danville",
            "county": 7
        }
    },
    {
        "pk": 107,
        "model": "cities.city",
        "fields": {
            "name": "Davis",
            "county": 57
        }
    },
    {
        "pk": 108,
        "model": "cities.city",
        "fields": {
            "name": "Del Mar",
            "county": 37
        }
    },
    {
        "pk": 109,
        "model": "cities.city",
        "fields": {
            "name": "Del Rey Oaks",
            "county": 27
        }
    },
    {
        "pk": 110,
        "model": "cities.city",
        "fields": {
            "name": "Delano",
            "county": 15
        }
    },
    {
        "pk": 111,
        "model": "cities.city",
        "fields": {
            "name": "Desert Hot Springs",
            "county": 33
        }
    },
    {
        "pk": 112,
        "model": "cities.city",
        "fields": {
            "name": "Diamond Bar",
            "county": 19
        }
    },
    {
        "pk": 113,
        "model": "cities.city",
        "fields": {
            "name": "Dinuba",
            "county": 54
        }
    },
    {
        "pk": 114,
        "model": "cities.city",
        "fields": {
            "name": "Dixon",
            "county": 48
        }
    },
    {
        "pk": 115,
        "model": "cities.city",
        "fields": {
            "name": "Dorris",
            "county": 47
        }
    },
    {
        "pk": 116,
        "model": "cities.city",
        "fields": {
            "name": "Dos Palos",
            "county": 24
        }
    },
    {
        "pk": 117,
        "model": "cities.city",
        "fields": {
            "name": "Downey",
            "county": 19
        }
    },
    {
        "pk": 118,
        "model": "cities.city",
        "fields": {
            "name": "Duarte",
            "county": 19
        }
    },
    {
        "pk": 119,
        "model": "cities.city",
        "fields": {
            "name": "Dublin",
            "county": 1
        }
    },
    {
        "pk": 120,
        "model": "cities.city",
        "fields": {
            "name": "Dunsmuir",
            "county": 47
        }
    },
    {
        "pk": 121,
        "model": "cities.city",
        "fields": {
            "name": "East Palo Alto",
            "county": 41
        }
    },
    {
        "pk": 122,
        "model": "cities.city",
        "fields": {
            "name": "Eastvale",
            "county": 33
        }
    },
    {
        "pk": 123,
        "model": "cities.city",
        "fields": {
            "name": "El Cajon",
            "county": 37
        }
    },
    {
        "pk": 124,
        "model": "cities.city",
        "fields": {
            "name": "El Centro",
            "county": 13
        }
    },
    {
        "pk": 125,
        "model": "cities.city",
        "fields": {
            "name": "El Cerrito",
            "county": 7
        }
    },
    {
        "pk": 126,
        "model": "cities.city",
        "fields": {
            "name": "El Monte",
            "county": 19
        }
    },
    {
        "pk": 127,
        "model": "cities.city",
        "fields": {
            "name": "El Segundo",
            "county": 19
        }
    },
    {
        "pk": 128,
        "model": "cities.city",
        "fields": {
            "name": "Elk Grove",
            "county": 34
        }
    },
    {
        "pk": 129,
        "model": "cities.city",
        "fields": {
            "name": "Emeryville",
            "county": 1
        }
    },
    {
        "pk": 130,
        "model": "cities.city",
        "fields": {
            "name": "Encinitas",
            "county": 37
        }
    },
    {
        "pk": 131,
        "model": "cities.city",
        "fields": {
            "name": "Escalon",
            "county": 39
        }
    },
    {
        "pk": 132,
        "model": "cities.city",
        "fields": {
            "name": "Escondido",
            "county": 37
        }
    },
    {
        "pk": 133,
        "model": "cities.city",
        "fields": {
            "name": "Etna",
            "county": 47
        }
    },
    {
        "pk": 134,
        "model": "cities.city",
        "fields": {
            "name": "Eureka",
            "county": 12
        }
    },
    {
        "pk": 135,
        "model": "cities.city",
        "fields": {
            "name": "Exeter",
            "county": 54
        }
    },
    {
        "pk": 136,
        "model": "cities.city",
        "fields": {
            "name": "Fairfax",
            "county": 21
        }
    },
    {
        "pk": 137,
        "model": "cities.city",
        "fields": {
            "name": "Fairfield",
            "county": 48
        }
    },
    {
        "pk": 138,
        "model": "cities.city",
        "fields": {
            "name": "Farmersville",
            "county": 54
        }
    },
    {
        "pk": 139,
        "model": "cities.city",
        "fields": {
            "name": "Ferndale",
            "county": 12
        }
    },
    {
        "pk": 140,
        "model": "cities.city",
        "fields": {
            "name": "Fillmore",
            "county": 56
        }
    },
    {
        "pk": 141,
        "model": "cities.city",
        "fields": {
            "name": "Firebaugh",
            "county": 10
        }
    },
    {
        "pk": 142,
        "model": "cities.city",
        "fields": {
            "name": "Folsom",
            "county": 34
        }
    },
    {
        "pk": 143,
        "model": "cities.city",
        "fields": {
            "name": "Fontana",
            "county": 36
        }
    },
    {
        "pk": 144,
        "model": "cities.city",
        "fields": {
            "name": "Fort Bragg",
            "county": 23
        }
    },
    {
        "pk": 145,
        "model": "cities.city",
        "fields": {
            "name": "Fort Jones",
            "county": 47
        }
    },
    {
        "pk": 146,
        "model": "cities.city",
        "fields": {
            "name": "Fortuna",
            "county": 12
        }
    },
    {
        "pk": 147,
        "model": "cities.city",
        "fields": {
            "name": "Foster City",
            "county": 41
        }
    },
    {
        "pk": 148,
        "model": "cities.city",
        "fields": {
            "name": "Fountain Valley",
            "county": 30
        }
    },
    {
        "pk": 149,
        "model": "cities.city",
        "fields": {
            "name": "Fowler",
            "county": 10
        }
    },
    {
        "pk": 150,
        "model": "cities.city",
        "fields": {
            "name": "Fremont",
            "county": 1
        }
    },
    {
        "pk": 151,
        "model": "cities.city",
        "fields": {
            "name": "Fresno",
            "county": 10
        }
    },
    {
        "pk": 152,
        "model": "cities.city",
        "fields": {
            "name": "Fullerton",
            "county": 30
        }
    },
    {
        "pk": 153,
        "model": "cities.city",
        "fields": {
            "name": "Galt",
            "county": 34
        }
    },
    {
        "pk": 154,
        "model": "cities.city",
        "fields": {
            "name": "Garden Grove",
            "county": 30
        }
    },
    {
        "pk": 155,
        "model": "cities.city",
        "fields": {
            "name": "Gardena",
            "county": 19
        }
    },
    {
        "pk": 156,
        "model": "cities.city",
        "fields": {
            "name": "Gilroy",
            "county": 43
        }
    },
    {
        "pk": 157,
        "model": "cities.city",
        "fields": {
            "name": "Glendale",
            "county": 19
        }
    },
    {
        "pk": 158,
        "model": "cities.city",
        "fields": {
            "name": "Glendora",
            "county": 19
        }
    },
    {
        "pk": 159,
        "model": "cities.city",
        "fields": {
            "name": "Goleta",
            "county": 42
        }
    },
    {
        "pk": 160,
        "model": "cities.city",
        "fields": {
            "name": "Gonzales",
            "county": 27
        }
    },
    {
        "pk": 161,
        "model": "cities.city",
        "fields": {
            "name": "Grand Terrace",
            "county": 36
        }
    },
    {
        "pk": 162,
        "model": "cities.city",
        "fields": {
            "name": "Grass Valley",
            "county": 29
        }
    },
    {
        "pk": 163,
        "model": "cities.city",
        "fields": {
            "name": "Greenfield",
            "county": 27
        }
    },
    {
        "pk": 164,
        "model": "cities.city",
        "fields": {
            "name": "Gridley",
            "county": 4
        }
    },
    {
        "pk": 165,
        "model": "cities.city",
        "fields": {
            "name": "Grover Beach",
            "county": 40
        }
    },
    {
        "pk": 166,
        "model": "cities.city",
        "fields": {
            "name": "Guadalupe",
            "county": 42
        }
    },
    {
        "pk": 167,
        "model": "cities.city",
        "fields": {
            "name": "Gustine",
            "county": 24
        }
    },
    {
        "pk": 168,
        "model": "cities.city",
        "fields": {
            "name": "Half Moon Bay",
            "county": 41
        }
    },
    {
        "pk": 169,
        "model": "cities.city",
        "fields": {
            "name": "Hanford",
            "county": 16
        }
    },
    {
        "pk": 170,
        "model": "cities.city",
        "fields": {
            "name": "Hawaiian Gardens",
            "county": 19
        }
    },
    {
        "pk": 171,
        "model": "cities.city",
        "fields": {
            "name": "Hawthorne",
            "county": 19
        }
    },
    {
        "pk": 172,
        "model": "cities.city",
        "fields": {
            "name": "Hayward",
            "county": 1
        }
    },
    {
        "pk": 173,
        "model": "cities.city",
        "fields": {
            "name": "Healdsburg",
            "county": 49
        }
    },
    {
        "pk": 174,
        "model": "cities.city",
        "fields": {
            "name": "Hemet",
            "county": 33
        }
    },
    {
        "pk": 175,
        "model": "cities.city",
        "fields": {
            "name": "Hercules",
            "county": 7
        }
    },
    {
        "pk": 176,
        "model": "cities.city",
        "fields": {
            "name": "Hermosa Beach",
            "county": 19
        }
    },
    {
        "pk": 177,
        "model": "cities.city",
        "fields": {
            "name": "Hesperia",
            "county": 36
        }
    },
    {
        "pk": 178,
        "model": "cities.city",
        "fields": {
            "name": "Hidden Hills",
            "county": 19
        }
    },
    {
        "pk": 179,
        "model": "cities.city",
        "fields": {
            "name": "Highland",
            "county": 36
        }
    },
    {
        "pk": 180,
        "model": "cities.city",
        "fields": {
            "name": "Hillsborough",
            "county": 41
        }
    },
    {
        "pk": 181,
        "model": "cities.city",
        "fields": {
            "name": "Hollister",
            "county": 35
        }
    },
    {
        "pk": 182,
        "model": "cities.city",
        "fields": {
            "name": "Holtville",
            "county": 13
        }
    },
    {
        "pk": 183,
        "model": "cities.city",
        "fields": {
            "name": "Hughson",
            "county": 50
        }
    },
    {
        "pk": 184,
        "model": "cities.city",
        "fields": {
            "name": "Huntington Beach",
            "county": 30
        }
    },
    {
        "pk": 185,
        "model": "cities.city",
        "fields": {
            "name": "Huntington Park",
            "county": 19
        }
    },
    {
        "pk": 186,
        "model": "cities.city",
        "fields": {
            "name": "Huron",
            "county": 10
        }
    },
    {
        "pk": 187,
        "model": "cities.city",
        "fields": {
            "name": "Imperial",
            "county": 13
        }
    },
    {
        "pk": 188,
        "model": "cities.city",
        "fields": {
            "name": "Imperial Beach",
            "county": 37
        }
    },
    {
        "pk": 189,
        "model": "cities.city",
        "fields": {
            "name": "Indian Wells",
            "county": 33
        }
    },
    {
        "pk": 190,
        "model": "cities.city",
        "fields": {
            "name": "Indio",
            "county": 33
        }
    },
    {
        "pk": 191,
        "model": "cities.city",
        "fields": {
            "name": "Industry",
            "county": 19
        }
    },
    {
        "pk": 192,
        "model": "cities.city",
        "fields": {
            "name": "Inglewood",
            "county": 19
        }
    },
    {
        "pk": 193,
        "model": "cities.city",
        "fields": {
            "name": "Ione",
            "county": 3
        }
    },
    {
        "pk": 194,
        "model": "cities.city",
        "fields": {
            "name": "Irvine",
            "county": 30
        }
    },
    {
        "pk": 195,
        "model": "cities.city",
        "fields": {
            "name": "Irwindale",
            "county": 19
        }
    },
    {
        "pk": 196,
        "model": "cities.city",
        "fields": {
            "name": "Isleton",
            "county": 34
        }
    },
    {
        "pk": 197,
        "model": "cities.city",
        "fields": {
            "name": "Jackson",
            "county": 3
        }
    },
    {
        "pk": 198,
        "model": "cities.city",
        "fields": {
            "name": "Jurupa Valley",
            "county": 33
        }
    },
    {
        "pk": 199,
        "model": "cities.city",
        "fields": {
            "name": "Kerman",
            "county": 10
        }
    },
    {
        "pk": 200,
        "model": "cities.city",
        "fields": {
            "name": "King City",
            "county": 27
        }
    },
    {
        "pk": 201,
        "model": "cities.city",
        "fields": {
            "name": "Kingsburg",
            "county": 10
        }
    },
    {
        "pk": 202,
        "model": "cities.city",
        "fields": {
            "name": "La Cañada Flintridge",
            "county": 19
        }
    },
    {
        "pk": 203,
        "model": "cities.city",
        "fields": {
            "name": "La Habra",
            "county": 30
        }
    },
    {
        "pk": 204,
        "model": "cities.city",
        "fields": {
            "name": "La Habra Heights",
            "county": 19
        }
    },
    {
        "pk": 205,
        "model": "cities.city",
        "fields": {
            "name": "La Mesa",
            "county": 37
        }
    },
    {
        "pk": 206,
        "model": "cities.city",
        "fields": {
            "name": "La Mirada",
            "county": 19
        }
    },
    {
        "pk": 207,
        "model": "cities.city",
        "fields": {
            "name": "La Palma",
            "county": 30
        }
    },
    {
        "pk": 208,
        "model": "cities.city",
        "fields": {
            "name": "La Puente",
            "county": 19
        }
    },
    {
        "pk": 209,
        "model": "cities.city",
        "fields": {
            "name": "La Quinta",
            "county": 33
        }
    },
    {
        "pk": 210,
        "model": "cities.city",
        "fields": {
            "name": "La Verne",
            "county": 19
        }
    },
    {
        "pk": 211,
        "model": "cities.city",
        "fields": {
            "name": "Lafayette",
            "county": 7
        }
    },
    {
        "pk": 212,
        "model": "cities.city",
        "fields": {
            "name": "Laguna Beach",
            "county": 30
        }
    },
    {
        "pk": 213,
        "model": "cities.city",
        "fields": {
            "name": "Laguna Hills",
            "county": 30
        }
    },
    {
        "pk": 214,
        "model": "cities.city",
        "fields": {
            "name": "Laguna Niguel",
            "county": 30
        }
    },
    {
        "pk": 215,
        "model": "cities.city",
        "fields": {
            "name": "Laguna Woods",
            "county": 30
        }
    },
    {
        "pk": 216,
        "model": "cities.city",
        "fields": {
            "name": "Lake Elsinore",
            "county": 33
        }
    },
    {
        "pk": 217,
        "model": "cities.city",
        "fields": {
            "name": "Lake Forest",
            "county": 30
        }
    },
    {
        "pk": 218,
        "model": "cities.city",
        "fields": {
            "name": "Lakeport",
            "county": 17
        }
    },
    {
        "pk": 219,
        "model": "cities.city",
        "fields": {
            "name": "Lakewood",
            "county": 19
        }
    },
    {
        "pk": 220,
        "model": "cities.city",
        "fields": {
            "name": "Lancaster",
            "county": 19
        }
    },
    {
        "pk": 221,
        "model": "cities.city",
        "fields": {
            "name": "Larkspur",
            "county": 21
        }
    },
    {
        "pk": 222,
        "model": "cities.city",
        "fields": {
            "name": "Lathrop",
            "county": 39
        }
    },
    {
        "pk": 223,
        "model": "cities.city",
        "fields": {
            "name": "Lawndale",
            "county": 19
        }
    },
    {
        "pk": 224,
        "model": "cities.city",
        "fields": {
            "name": "Lemon Grove",
            "county": 37
        }
    },
    {
        "pk": 225,
        "model": "cities.city",
        "fields": {
            "name": "Lemoore",
            "county": 16
        }
    },
    {
        "pk": 226,
        "model": "cities.city",
        "fields": {
            "name": "Lincoln",
            "county": 31
        }
    },
    {
        "pk": 227,
        "model": "cities.city",
        "fields": {
            "name": "Lindsay",
            "county": 54
        }
    },
    {
        "pk": 228,
        "model": "cities.city",
        "fields": {
            "name": "Live Oak",
            "county": 51
        }
    },
    {
        "pk": 229,
        "model": "cities.city",
        "fields": {
            "name": "Livermore",
            "county": 1
        }
    },
    {
        "pk": 230,
        "model": "cities.city",
        "fields": {
            "name": "Livingston",
            "county": 24
        }
    },
    {
        "pk": 231,
        "model": "cities.city",
        "fields": {
            "name": "Lodi",
            "county": 39
        }
    },
    {
        "pk": 232,
        "model": "cities.city",
        "fields": {
            "name": "Loma Linda",
            "county": 36
        }
    },
    {
        "pk": 233,
        "model": "cities.city",
        "fields": {
            "name": "Lomita",
            "county": 19
        }
    },
    {
        "pk": 234,
        "model": "cities.city",
        "fields": {
            "name": "Lompoc",
            "county": 42
        }
    },
    {
        "pk": 235,
        "model": "cities.city",
        "fields": {
            "name": "Long Beach",
            "county": 19
        }
    },
    {
        "pk": 236,
        "model": "cities.city",
        "fields": {
            "name": "Loomis",
            "county": 31
        }
    },
    {
        "pk": 237,
        "model": "cities.city",
        "fields": {
            "name": "Los Alamitos",
            "county": 30
        }
    },
    {
        "pk": 238,
        "model": "cities.city",
        "fields": {
            "name": "Los Altos",
            "county": 43
        }
    },
    {
        "pk": 239,
        "model": "cities.city",
        "fields": {
            "name": "Los Altos Hills",
            "county": 43
        }
    },
    {
        "pk": 240,
        "model": "cities.city",
        "fields": {
            "name": "Los Angeles",
            "county": 19
        }
    },
    {
        "pk": 241,
        "model": "cities.city",
        "fields": {
            "name": "Los Banos",
            "county": 24
        }
    },
    {
        "pk": 242,
        "model": "cities.city",
        "fields": {
            "name": "Los Gatos",
            "county": 43
        }
    },
    {
        "pk": 243,
        "model": "cities.city",
        "fields": {
            "name": "Loyalton",
            "county": 46
        }
    },
    {
        "pk": 244,
        "model": "cities.city",
        "fields": {
            "name": "Lynwood",
            "county": 19
        }
    },
    {
        "pk": 245,
        "model": "cities.city",
        "fields": {
            "name": "Madera",
            "county": 20
        }
    },
    {
        "pk": 246,
        "model": "cities.city",
        "fields": {
            "name": "Malibu",
            "county": 19
        }
    },
    {
        "pk": 247,
        "model": "cities.city",
        "fields": {
            "name": "Mammoth Lakes",
            "county": 26
        }
    },
    {
        "pk": 248,
        "model": "cities.city",
        "fields": {
            "name": "Manhattan Beach",
            "county": 19
        }
    },
    {
        "pk": 249,
        "model": "cities.city",
        "fields": {
            "name": "Manteca",
            "county": 39
        }
    },
    {
        "pk": 250,
        "model": "cities.city",
        "fields": {
            "name": "Maricopa",
            "county": 15
        }
    },
    {
        "pk": 251,
        "model": "cities.city",
        "fields": {
            "name": "Marina",
            "county": 27
        }
    },
    {
        "pk": 252,
        "model": "cities.city",
        "fields": {
            "name": "Martinez",
            "county": 7
        }
    },
    {
        "pk": 253,
        "model": "cities.city",
        "fields": {
            "name": "Marysville",
            "county": 58
        }
    },
    {
        "pk": 254,
        "model": "cities.city",
        "fields": {
            "name": "Maywood",
            "county": 19
        }
    },
    {
        "pk": 255,
        "model": "cities.city",
        "fields": {
            "name": "McFarland",
            "county": 15
        }
    },
    {
        "pk": 256,
        "model": "cities.city",
        "fields": {
            "name": "Mendota",
            "county": 10
        }
    },
    {
        "pk": 257,
        "model": "cities.city",
        "fields": {
            "name": "Menifee",
            "county": 33
        }
    },
    {
        "pk": 258,
        "model": "cities.city",
        "fields": {
            "name": "Menlo Park",
            "county": 41
        }
    },
    {
        "pk": 259,
        "model": "cities.city",
        "fields": {
            "name": "Merced",
            "county": 24
        }
    },
    {
        "pk": 260,
        "model": "cities.city",
        "fields": {
            "name": "Mill Valley",
            "county": 21
        }
    },
    {
        "pk": 261,
        "model": "cities.city",
        "fields": {
            "name": "Millbrae",
            "county": 41
        }
    },
    {
        "pk": 262,
        "model": "cities.city",
        "fields": {
            "name": "Milpitas",
            "county": 43
        }
    },
    {
        "pk": 263,
        "model": "cities.city",
        "fields": {
            "name": "Mission Viejo",
            "county": 30
        }
    },
    {
        "pk": 264,
        "model": "cities.city",
        "fields": {
            "name": "Modesto",
            "county": 50
        }
    },
    {
        "pk": 265,
        "model": "cities.city",
        "fields": {
            "name": "Monrovia",
            "county": 19
        }
    },
    {
        "pk": 266,
        "model": "cities.city",
        "fields": {
            "name": "Montague",
            "county": 47
        }
    },
    {
        "pk": 267,
        "model": "cities.city",
        "fields": {
            "name": "Montclair",
            "county": 36
        }
    },
    {
        "pk": 268,
        "model": "cities.city",
        "fields": {
            "name": "Monte Sereno",
            "county": 43
        }
    },
    {
        "pk": 269,
        "model": "cities.city",
        "fields": {
            "name": "Montebello",
            "county": 19
        }
    },
    {
        "pk": 270,
        "model": "cities.city",
        "fields": {
            "name": "Monterey",
            "county": 27
        }
    },
    {
        "pk": 271,
        "model": "cities.city",
        "fields": {
            "name": "Monterey Park",
            "county": 19
        }
    },
    {
        "pk": 272,
        "model": "cities.city",
        "fields": {
            "name": "Moorpark",
            "county": 56
        }
    },
    {
        "pk": 273,
        "model": "cities.city",
        "fields": {
            "name": "Moraga",
            "county": 7
        }
    },
    {
        "pk": 274,
        "model": "cities.city",
        "fields": {
            "name": "Moreno Valley",
            "county": 33
        }
    },
    {
        "pk": 275,
        "model": "cities.city",
        "fields": {
            "name": "Morgan Hill",
            "county": 43
        }
    },
    {
        "pk": 276,
        "model": "cities.city",
        "fields": {
            "name": "Morro Bay",
            "county": 40
        }
    },
    {
        "pk": 277,
        "model": "cities.city",
        "fields": {
            "name": "Mount Shasta",
            "county": 47
        }
    },
    {
        "pk": 278,
        "model": "cities.city",
        "fields": {
            "name": "Mountain View",
            "county": 43
        }
    },
    {
        "pk": 279,
        "model": "cities.city",
        "fields": {
            "name": "Murrieta",
            "county": 33
        }
    },
    {
        "pk": 280,
        "model": "cities.city",
        "fields": {
            "name": "Napa",
            "county": 28
        }
    },
    {
        "pk": 281,
        "model": "cities.city",
        "fields": {
            "name": "National City",
            "county": 37
        }
    },
    {
        "pk": 282,
        "model": "cities.city",
        "fields": {
            "name": "Needles",
            "county": 36
        }
    },
    {
        "pk": 283,
        "model": "cities.city",
        "fields": {
            "name": "Nevada City",
            "county": 29
        }
    },
    {
        "pk": 284,
        "model": "cities.city",
        "fields": {
            "name": "Newark",
            "county": 1
        }
    },
    {
        "pk": 285,
        "model": "cities.city",
        "fields": {
            "name": "Newman",
            "county": 50
        }
    },
    {
        "pk": 286,
        "model": "cities.city",
        "fields": {
            "name": "Newport Beach",
            "county": 30
        }
    },
    {
        "pk": 287,
        "model": "cities.city",
        "fields": {
            "name": "Norco",
            "county": 33
        }
    },
    {
        "pk": 288,
        "model": "cities.city",
        "fields": {
            "name": "Norwalk",
            "county": 19
        }
    },
    {
        "pk": 289,
        "model": "cities.city",
        "fields": {
            "name": "Novato",
            "county": 21
        }
    },
    {
        "pk": 290,
        "model": "cities.city",
        "fields": {
            "name": "Oakdale",
            "county": 50
        }
    },
    {
        "pk": 291,
        "model": "cities.city",
        "fields": {
            "name": "Oakland",
            "county": 1
        }
    },
    {
        "pk": 292,
        "model": "cities.city",
        "fields": {
            "name": "Oakley",
            "county": 7
        }
    },
    {
        "pk": 293,
        "model": "cities.city",
        "fields": {
            "name": "Oceanside",
            "county": 37
        }
    },
    {
        "pk": 294,
        "model": "cities.city",
        "fields": {
            "name": "Ojai",
            "county": 56
        }
    },
    {
        "pk": 295,
        "model": "cities.city",
        "fields": {
            "name": "Ontario",
            "county": 36
        }
    },
    {
        "pk": 296,
        "model": "cities.city",
        "fields": {
            "name": "Orange",
            "county": 30
        }
    },
    {
        "pk": 297,
        "model": "cities.city",
        "fields": {
            "name": "Orange Cove",
            "county": 10
        }
    },
    {
        "pk": 298,
        "model": "cities.city",
        "fields": {
            "name": "Orinda",
            "county": 7
        }
    },
    {
        "pk": 299,
        "model": "cities.city",
        "fields": {
            "name": "Orland",
            "county": 11
        }
    },
    {
        "pk": 300,
        "model": "cities.city",
        "fields": {
            "name": "Oroville",
            "county": 4
        }
    },
    {
        "pk": 301,
        "model": "cities.city",
        "fields": {
            "name": "Oxnard",
            "county": 56
        }
    },
    {
        "pk": 302,
        "model": "cities.city",
        "fields": {
            "name": "Pacific Grove",
            "county": 27
        }
    },
    {
        "pk": 303,
        "model": "cities.city",
        "fields": {
            "name": "Pacifica",
            "county": 41
        }
    },
    {
        "pk": 304,
        "model": "cities.city",
        "fields": {
            "name": "Palm Desert",
            "county": 33
        }
    },
    {
        "pk": 305,
        "model": "cities.city",
        "fields": {
            "name": "Palm Springs",
            "county": 33
        }
    },
    {
        "pk": 306,
        "model": "cities.city",
        "fields": {
            "name": "Palmdale",
            "county": 19
        }
    },
    {
        "pk": 307,
        "model": "cities.city",
        "fields": {
            "name": "Palo Alto",
            "county": 43
        }
    },
    {
        "pk": 308,
        "model": "cities.city",
        "fields": {
            "name": "Palos Verdes Estates",
            "county": 19
        }
    },
    {
        "pk": 309,
        "model": "cities.city",
        "fields": {
            "name": "Paradise",
            "county": 4
        }
    },
    {
        "pk": 310,
        "model": "cities.city",
        "fields": {
            "name": "Paramount",
            "county": 19
        }
    },
    {
        "pk": 311,
        "model": "cities.city",
        "fields": {
            "name": "Parlier",
            "county": 10
        }
    },
    {
        "pk": 312,
        "model": "cities.city",
        "fields": {
            "name": "Pasadena",
            "county": 19
        }
    },
    {
        "pk": 313,
        "model": "cities.city",
        "fields": {
            "name": "Paso Robles",
            "county": 40
        }
    },
    {
        "pk": 314,
        "model": "cities.city",
        "fields": {
            "name": "Patterson",
            "county": 50
        }
    },
    {
        "pk": 315,
        "model": "cities.city",
        "fields": {
            "name": "Perris",
            "county": 33
        }
    },
    {
        "pk": 316,
        "model": "cities.city",
        "fields": {
            "name": "Petaluma",
            "county": 49
        }
    },
    {
        "pk": 317,
        "model": "cities.city",
        "fields": {
            "name": "Pico Rivera",
            "county": 19
        }
    },
    {
        "pk": 318,
        "model": "cities.city",
        "fields": {
            "name": "Piedmont",
            "county": 1
        }
    },
    {
        "pk": 319,
        "model": "cities.city",
        "fields": {
            "name": "Pinole",
            "county": 7
        }
    },
    {
        "pk": 320,
        "model": "cities.city",
        "fields": {
            "name": "Pismo Beach",
            "county": 40
        }
    },
    {
        "pk": 321,
        "model": "cities.city",
        "fields": {
            "name": "Pittsburg",
            "county": 7
        }
    },
    {
        "pk": 322,
        "model": "cities.city",
        "fields": {
            "name": "Placentia",
            "county": 30
        }
    },
    {
        "pk": 323,
        "model": "cities.city",
        "fields": {
            "name": "Placerville",
            "county": 9
        }
    },
    {
        "pk": 324,
        "model": "cities.city",
        "fields": {
            "name": "Pleasant Hill",
            "county": 7
        }
    },
    {
        "pk": 325,
        "model": "cities.city",
        "fields": {
            "name": "Pleasanton",
            "county": 1
        }
    },
    {
        "pk": 326,
        "model": "cities.city",
        "fields": {
            "name": "Plymouth",
            "county": 3
        }
    },
    {
        "pk": 327,
        "model": "cities.city",
        "fields": {
            "name": "Point Arena",
            "county": 23
        }
    },
    {
        "pk": 328,
        "model": "cities.city",
        "fields": {
            "name": "Pomona",
            "county": 19
        }
    },
    {
        "pk": 329,
        "model": "cities.city",
        "fields": {
            "name": "Port Hueneme",
            "county": 56
        }
    },
    {
        "pk": 330,
        "model": "cities.city",
        "fields": {
            "name": "Porterville",
            "county": 54
        }
    },
    {
        "pk": 331,
        "model": "cities.city",
        "fields": {
            "name": "Portola",
            "county": 32
        }
    },
    {
        "pk": 332,
        "model": "cities.city",
        "fields": {
            "name": "Portola Valley",
            "county": 41
        }
    },
    {
        "pk": 333,
        "model": "cities.city",
        "fields": {
            "name": "Poway",
            "county": 37
        }
    },
    {
        "pk": 334,
        "model": "cities.city",
        "fields": {
            "name": "Rancho Cordova",
            "county": 34
        }
    },
    {
        "pk": 335,
        "model": "cities.city",
        "fields": {
            "name": "Rancho Cucamonga",
            "county": 36
        }
    },
    {
        "pk": 336,
        "model": "cities.city",
        "fields": {
            "name": "Rancho Mirage",
            "county": 33
        }
    },
    {
        "pk": 337,
        "model": "cities.city",
        "fields": {
            "name": "Rancho Palos Verdes",
            "county": 19
        }
    },
    {
        "pk": 338,
        "model": "cities.city",
        "fields": {
            "name": "Rancho Santa Margarita",
            "county": 30
        }
    },
    {
        "pk": 339,
        "model": "cities.city",
        "fields": {
            "name": "Red Bluff",
            "county": 52
        }
    },
    {
        "pk": 340,
        "model": "cities.city",
        "fields": {
            "name": "Redding",
            "county": 45
        }
    },
    {
        "pk": 341,
        "model": "cities.city",
        "fields": {
            "name": "Redlands",
            "county": 36
        }
    },
    {
        "pk": 342,
        "model": "cities.city",
        "fields": {
            "name": "Redondo Beach",
            "county": 19
        }
    },
    {
        "pk": 343,
        "model": "cities.city",
        "fields": {
            "name": "Redwood City",
            "county": 41
        }
    },
    {
        "pk": 344,
        "model": "cities.city",
        "fields": {
            "name": "Reedley",
            "county": 10
        }
    },
    {
        "pk": 345,
        "model": "cities.city",
        "fields": {
            "name": "Rialto",
            "county": 36
        }
    },
    {
        "pk": 346,
        "model": "cities.city",
        "fields": {
            "name": "Richmond",
            "county": 7
        }
    },
    {
        "pk": 347,
        "model": "cities.city",
        "fields": {
            "name": "Ridgecrest",
            "county": 15
        }
    },
    {
        "pk": 348,
        "model": "cities.city",
        "fields": {
            "name": "Rio Dell",
            "county": 12
        }
    },
    {
        "pk": 349,
        "model": "cities.city",
        "fields": {
            "name": "Rio Vista",
            "county": 48
        }
    },
    {
        "pk": 350,
        "model": "cities.city",
        "fields": {
            "name": "Ripon",
            "county": 39
        }
    },
    {
        "pk": 351,
        "model": "cities.city",
        "fields": {
            "name": "Riverbank",
            "county": 50
        }
    },
    {
        "pk": 352,
        "model": "cities.city",
        "fields": {
            "name": "Riverside",
            "county": 33
        }
    },
    {
        "pk": 353,
        "model": "cities.city",
        "fields": {
            "name": "Rocklin",
            "county": 31
        }
    },
    {
        "pk": 354,
        "model": "cities.city",
        "fields": {
            "name": "Rohnert Park",
            "county": 49
        }
    },
    {
        "pk": 355,
        "model": "cities.city",
        "fields": {
            "name": "Rolling Hills",
            "county": 19
        }
    },
    {
        "pk": 356,
        "model": "cities.city",
        "fields": {
            "name": "Rolling Hills Estates",
            "county": 19
        }
    },
    {
        "pk": 357,
        "model": "cities.city",
        "fields": {
            "name": "Rosemead",
            "county": 19
        }
    },
    {
        "pk": 358,
        "model": "cities.city",
        "fields": {
            "name": "Roseville",
            "county": 31
        }
    },
    {
        "pk": 359,
        "model": "cities.city",
        "fields": {
            "name": "Ross",
            "county": 21
        }
    },
    {
        "pk": 360,
        "model": "cities.city",
        "fields": {
            "name": "Sacramento",
            "county": 34
        }
    },
    {
        "pk": 361,
        "model": "cities.city",
        "fields": {
            "name": "Salinas",
            "county": 27
        }
    },
    {
        "pk": 362,
        "model": "cities.city",
        "fields": {
            "name": "San Anselmo",
            "county": 21
        }
    },
    {
        "pk": 363,
        "model": "cities.city",
        "fields": {
            "name": "San Bernardino",
            "county": 36
        }
    },
    {
        "pk": 364,
        "model": "cities.city",
        "fields": {
            "name": "San Bruno",
            "county": 41
        }
    },
    {
        "pk": 365,
        "model": "cities.city",
        "fields": {
            "name": "San Carlos",
            "county": 41
        }
    },
    {
        "pk": 366,
        "model": "cities.city",
        "fields": {
            "name": "San Clemente",
            "county": 30
        }
    },
    {
        "pk": 367,
        "model": "cities.city",
        "fields": {
            "name": "San Diego",
            "county": 37
        }
    },
    {
        "pk": 368,
        "model": "cities.city",
        "fields": {
            "name": "San Dimas",
            "county": 19
        }
    },
    {
        "pk": 369,
        "model": "cities.city",
        "fields": {
            "name": "San Fernando",
            "county": 19
        }
    },
    {
        "pk": 370,
        "model": "cities.city",
        "fields": {
            "name": "San Francisco",
            "county": 38
        }
    },
    {
        "pk": 371,
        "model": "cities.city",
        "fields": {
            "name": "San Gabriel",
            "county": 19
        }
    },
    {
        "pk": 372,
        "model": "cities.city",
        "fields": {
            "name": "San Jacinto",
            "county": 33
        }
    },
    {
        "pk": 373,
        "model": "cities.city",
        "fields": {
            "name": "San Joaquin",
            "county": 10
        }
    },
    {
        "pk": 374,
        "model": "cities.city",
        "fields": {
            "name": "San Jose",
            "county": 43
        }
    },
    {
        "pk": 375,
        "model": "cities.city",
        "fields": {
            "name": "San Juan Bautista",
            "county": 35
        }
    },
    {
        "pk": 376,
        "model": "cities.city",
        "fields": {
            "name": "San Juan Capistrano",
            "county": 30
        }
    },
    {
        "pk": 377,
        "model": "cities.city",
        "fields": {
            "name": "San Leandro",
            "county": 1
        }
    },
    {
        "pk": 378,
        "model": "cities.city",
        "fields": {
            "name": "San Luis Obispo",
            "county": 40
        }
    },
    {
        "pk": 379,
        "model": "cities.city",
        "fields": {
            "name": "San Marcos",
            "county": 37
        }
    },
    {
        "pk": 380,
        "model": "cities.city",
        "fields": {
            "name": "San Marino",
            "county": 19
        }
    },
    {
        "pk": 381,
        "model": "cities.city",
        "fields": {
            "name": "San Mateo",
            "county": 41
        }
    },
    {
        "pk": 382,
        "model": "cities.city",
        "fields": {
            "name": "San Pablo",
            "county": 7
        }
    },
    {
        "pk": 383,
        "model": "cities.city",
        "fields": {
            "name": "San Rafael",
            "county": 21
        }
    },
    {
        "pk": 384,
        "model": "cities.city",
        "fields": {
            "name": "San Ramon",
            "county": 7
        }
    },
    {
        "pk": 385,
        "model": "cities.city",
        "fields": {
            "name": "Sand City",
            "county": 27
        }
    },
    {
        "pk": 386,
        "model": "cities.city",
        "fields": {
            "name": "Sanger",
            "county": 10
        }
    },
    {
        "pk": 387,
        "model": "cities.city",
        "fields": {
            "name": "Santa Ana",
            "county": 30
        }
    },
    {
        "pk": 388,
        "model": "cities.city",
        "fields": {
            "name": "Santa Barbara",
            "county": 42
        }
    },
    {
        "pk": 389,
        "model": "cities.city",
        "fields": {
            "name": "Santa Clara",
            "county": 43
        }
    },
    {
        "pk": 390,
        "model": "cities.city",
        "fields": {
            "name": "Santa Clarita",
            "county": 19
        }
    },
    {
        "pk": 391,
        "model": "cities.city",
        "fields": {
            "name": "Santa Cruz",
            "county": 44
        }
    },
    {
        "pk": 392,
        "model": "cities.city",
        "fields": {
            "name": "Santa Fe Springs",
            "county": 19
        }
    },
    {
        "pk": 393,
        "model": "cities.city",
        "fields": {
            "name": "Santa Maria",
            "county": 42
        }
    },
    {
        "pk": 394,
        "model": "cities.city",
        "fields": {
            "name": "Santa Monica",
            "county": 19
        }
    },
    {
        "pk": 395,
        "model": "cities.city",
        "fields": {
            "name": "Santa Paula",
            "county": 56
        }
    },
    {
        "pk": 396,
        "model": "cities.city",
        "fields": {
            "name": "Santa Rosa",
            "county": 49
        }
    },
    {
        "pk": 397,
        "model": "cities.city",
        "fields": {
            "name": "Santee",
            "county": 37
        }
    },
    {
        "pk": 398,
        "model": "cities.city",
        "fields": {
            "name": "Saratoga",
            "county": 43
        }
    },
    {
        "pk": 399,
        "model": "cities.city",
        "fields": {
            "name": "Sausalito",
            "county": 21
        }
    },
    {
        "pk": 400,
        "model": "cities.city",
        "fields": {
            "name": "Scotts Valley",
            "county": 44
        }
    },
    {
        "pk": 401,
        "model": "cities.city",
        "fields": {
            "name": "Seal Beach",
            "county": 30
        }
    },
    {
        "pk": 402,
        "model": "cities.city",
        "fields": {
            "name": "Seaside",
            "county": 27
        }
    },
    {
        "pk": 403,
        "model": "cities.city",
        "fields": {
            "name": "Sebastopol",
            "county": 49
        }
    },
    {
        "pk": 404,
        "model": "cities.city",
        "fields": {
            "name": "Selma",
            "county": 10
        }
    },
    {
        "pk": 405,
        "model": "cities.city",
        "fields": {
            "name": "Shafter",
            "county": 15
        }
    },
    {
        "pk": 406,
        "model": "cities.city",
        "fields": {
            "name": "Shasta Lake",
            "county": 45
        }
    },
    {
        "pk": 407,
        "model": "cities.city",
        "fields": {
            "name": "Sierra Madre",
            "county": 19
        }
    },
    {
        "pk": 408,
        "model": "cities.city",
        "fields": {
            "name": "Signal Hill",
            "county": 19
        }
    },
    {
        "pk": 409,
        "model": "cities.city",
        "fields": {
            "name": "Simi Valley",
            "county": 56
        }
    },
    {
        "pk": 410,
        "model": "cities.city",
        "fields": {
            "name": "Solana Beach",
            "county": 37
        }
    },
    {
        "pk": 411,
        "model": "cities.city",
        "fields": {
            "name": "Soledad",
            "county": 27
        }
    },
    {
        "pk": 412,
        "model": "cities.city",
        "fields": {
            "name": "Solvang",
            "county": 42
        }
    },
    {
        "pk": 413,
        "model": "cities.city",
        "fields": {
            "name": "Sonoma",
            "county": 49
        }
    },
    {
        "pk": 414,
        "model": "cities.city",
        "fields": {
            "name": "Sonora",
            "county": 55
        }
    },
    {
        "pk": 415,
        "model": "cities.city",
        "fields": {
            "name": "South El Monte",
            "county": 19
        }
    },
    {
        "pk": 416,
        "model": "cities.city",
        "fields": {
            "name": "South Gate",
            "county": 19
        }
    },
    {
        "pk": 417,
        "model": "cities.city",
        "fields": {
            "name": "South Lake Tahoe",
            "county": 9
        }
    },
    {
        "pk": 418,
        "model": "cities.city",
        "fields": {
            "name": "South Pasadena",
            "county": 19
        }
    },
    {
        "pk": 419,
        "model": "cities.city",
        "fields": {
            "name": "South San Francisco",
            "county": 41
        }
    },
    {
        "pk": 420,
        "model": "cities.city",
        "fields": {
            "name": "St. Helena",
            "county": 28
        }
    },
    {
        "pk": 421,
        "model": "cities.city",
        "fields": {
            "name": "Stanton",
            "county": 30
        }
    },
    {
        "pk": 422,
        "model": "cities.city",
        "fields": {
            "name": "Stockton",
            "county": 39
        }
    },
    {
        "pk": 423,
        "model": "cities.city",
        "fields": {
            "name": "Suisun City",
            "county": 48
        }
    },
    {
        "pk": 424,
        "model": "cities.city",
        "fields": {
            "name": "Sunnyvale",
            "county": 43
        }
    },
    {
        "pk": 425,
        "model": "cities.city",
        "fields": {
            "name": "Susanville",
            "county": 18
        }
    },
    {
        "pk": 426,
        "model": "cities.city",
        "fields": {
            "name": "Sutter Creek",
            "county": 3
        }
    },
    {
        "pk": 427,
        "model": "cities.city",
        "fields": {
            "name": "Taft",
            "county": 15
        }
    },
    {
        "pk": 428,
        "model": "cities.city",
        "fields": {
            "name": "Tehachapi",
            "county": 15
        }
    },
    {
        "pk": 429,
        "model": "cities.city",
        "fields": {
            "name": "Tehama",
            "county": 52
        }
    },
    {
        "pk": 430,
        "model": "cities.city",
        "fields": {
            "name": "Temecula",
            "county": 33
        }
    },
    {
        "pk": 431,
        "model": "cities.city",
        "fields": {
            "name": "Temple City",
            "county": 19
        }
    },
    {
        "pk": 432,
        "model": "cities.city",
        "fields": {
            "name": "Thousand Oaks",
            "county": 56
        }
    },
    {
        "pk": 433,
        "model": "cities.city",
        "fields": {
            "name": "Tiburon",
            "county": 21
        }
    },
    {
        "pk": 434,
        "model": "cities.city",
        "fields": {
            "name": "Torrance",
            "county": 19
        }
    },
    {
        "pk": 435,
        "model": "cities.city",
        "fields": {
            "name": "Tracy",
            "county": 39
        }
    },
    {
        "pk": 436,
        "model": "cities.city",
        "fields": {
            "name": "Trinidad",
            "county": 12
        }
    },
    {
        "pk": 437,
        "model": "cities.city",
        "fields": {
            "name": "Truckee",
            "county": 29
        }
    },
    {
        "pk": 438,
        "model": "cities.city",
        "fields": {
            "name": "Tulare",
            "county": 54
        }
    },
    {
        "pk": 439,
        "model": "cities.city",
        "fields": {
            "name": "Tulelake",
            "county": 47
        }
    },
    {
        "pk": 440,
        "model": "cities.city",
        "fields": {
            "name": "Turlock",
            "county": 50
        }
    },
    {
        "pk": 441,
        "model": "cities.city",
        "fields": {
            "name": "Tustin",
            "county": 30
        }
    },
    {
        "pk": 442,
        "model": "cities.city",
        "fields": {
            "name": "Twentynine Palms",
            "county": 36
        }
    },
    {
        "pk": 443,
        "model": "cities.city",
        "fields": {
            "name": "Ukiah",
            "county": 23
        }
    },
    {
        "pk": 444,
        "model": "cities.city",
        "fields": {
            "name": "Union City",
            "county": 1
        }
    },
    {
        "pk": 445,
        "model": "cities.city",
        "fields": {
            "name": "Upland",
            "county": 36
        }
    },
    {
        "pk": 446,
        "model": "cities.city",
        "fields": {
            "name": "Vacaville",
            "county": 48
        }
    },
    {
        "pk": 447,
        "model": "cities.city",
        "fields": {
            "name": "Vallejo",
            "county": 48
        }
    },
    {
        "pk": 448,
        "model": "cities.city",
        "fields": {
            "name": "Ventura",
            "county": 56
        }
    },
    {
        "pk": 449,
        "model": "cities.city",
        "fields": {
            "name": "Vernon",
            "county": 19
        }
    },
    {
        "pk": 450,
        "model": "cities.city",
        "fields": {
            "name": "Victorville",
            "county": 36
        }
    },
    {
        "pk": 451,
        "model": "cities.city",
        "fields": {
            "name": "Villa Park",
            "county": 30
        }
    },
    {
        "pk": 452,
        "model": "cities.city",
        "fields": {
            "name": "Visalia",
            "county": 54
        }
    },
    {
        "pk": 453,
        "model": "cities.city",
        "fields": {
            "name": "Vista",
            "county": 37
        }
    },
    {
        "pk": 454,
        "model": "cities.city",
        "fields": {
            "name": "Walnut",
            "county": 19
        }
    },
    {
        "pk": 455,
        "model": "cities.city",
        "fields": {
            "name": "Walnut Creek",
            "county": 7
        }
    },
    {
        "pk": 456,
        "model": "cities.city",
        "fields": {
            "name": "Wasco",
            "county": 15
        }
    },
    {
        "pk": 457,
        "model": "cities.city",
        "fields": {
            "name": "Waterford",
            "county": 50
        }
    },
    {
        "pk": 458,
        "model": "cities.city",
        "fields": {
            "name": "Watsonville",
            "county": 44
        }
    },
    {
        "pk": 459,
        "model": "cities.city",
        "fields": {
            "name": "Weed",
            "county": 47
        }
    },
    {
        "pk": 460,
        "model": "cities.city",
        "fields": {
            "name": "West Covina",
            "county": 19
        }
    },
    {
        "pk": 461,
        "model": "cities.city",
        "fields": {
            "name": "West Hollywood",
            "county": 19
        }
    },
    {
        "pk": 462,
        "model": "cities.city",
        "fields": {
            "name": "West Sacramento",
            "county": 57
        }
    },
    {
        "pk": 463,
        "model": "cities.city",
        "fields": {
            "name": "Westlake Village",
            "county": 19
        }
    },
    {
        "pk": 464,
        "model": "cities.city",
        "fields": {
            "name": "Westminster",
            "county": 30
        }
    },
    {
        "pk": 465,
        "model": "cities.city",
        "fields": {
            "name": "Westmorland",
            "county": 13
        }
    },
    {
        "pk": 466,
        "model": "cities.city",
        "fields": {
            "name": "Wheatland",
            "county": 58
        }
    },
    {
        "pk": 467,
        "model": "cities.city",
        "fields": {
            "name": "Whittier",
            "county": 19
        }
    },
    {
        "pk": 468,
        "model": "cities.city",
        "fields": {
            "name": "Wildomar",
            "county": 33
        }
    },
    {
        "pk": 469,
        "model": "cities.city",
        "fields": {
            "name": "Williams",
            "county": 6
        }
    },
    {
        "pk": 470,
        "model": "cities.city",
        "fields": {
            "name": "Willits",
            "county": 23
        }
    },
    {
        "pk": 471,
        "model": "cities.city",
        "fields": {
            "name": "Willows",
            "county": 11
        }
    },
    {
        "pk": 472,
        "model": "cities.city",
        "fields": {
            "name": "Windsor",
            "county": 49
        }
    },
    {
        "pk": 473,
        "model": "cities.city",
        "fields": {
            "name": "Winters",
            "county": 57
        }
    },
    {
        "pk": 474,
        "model": "cities.city",
        "fields": {
            "name": "Woodlake",
            "county": 54
        }
    },
    {
        "pk": 475,
        "model": "cities.city",
        "fields": {
            "name": "Woodland",
            "county": 57
        }
    },
    {
        "pk": 476,
        "model": "cities.city",
        "fields": {
            "name": "Woodside",
            "county": 41
        }
    },
    {
        "pk": 477,
        "model": "cities.city",
        "fields": {
            "name": "Yorba Linda",
            "county": 30
        }
    },
    {
        "pk": 478,
        "model": "cities.city",
        "fields": {
            "name": "Yountville",
            "county": 28
        }
    },
    {
        "pk": 479,
        "model": "cities.city",
        "fields": {
            "name": "Yreka",
            "county": 47
        }
    },
    {
        "pk": 480,
        "model": "cities.city",
        "fields": {
            "name": "Yuba City",
            "county": 51
        }
    },
    {
        "pk": 481,
        "model": "cities.city",
        "fields": {
            "name": "Yucaipa",
            "county": 36
        }
    },
    {
        "pk": 482,
        "model": "cities.city",
        "fields": {
            "name": "Yucca Valley",
            "county": 36
        }
    }
]